{
  "hash": "e1304c3e",
  "configHash": "db375274",
  "lockfileHash": "924a2ba5",
  "browserHash": "55146e89",
  "optimized": {
    "@angular/common": {
      "src": "../../../../../../node_modules/@angular/common/fesm2022/common.mjs",
      "file": "@angular_common.js",
      "fileHash": "26eb5121",
      "needsInterop": false
    },
    "@angular/common/http": {
      "src": "../../../../../../node_modules/@angular/common/fesm2022/http.mjs",
      "file": "@angular_common_http.js",
      "fileHash": "47d2a1c5",
      "needsInterop": false
    },
    "@angular/core": {
      "src": "../../../../../../node_modules/@angular/core/fesm2022/core.mjs",
      "file": "@angular_core.js",
      "fileHash": "5e994f4f",
      "needsInterop": false
    },
    "@angular/forms": {
      "src": "../../../../../../node_modules/@angular/forms/fesm2022/forms.mjs",
      "file": "@angular_forms.js",
      "fileHash": "cc2137b4",
      "needsInterop": false
    },
    "@angular/platform-browser": {
      "src": "../../../../../../node_modules/@angular/platform-browser/fesm2022/platform-browser.mjs",
      "file": "@angular_platform-browser.js",
      "fileHash": "2cd27494",
      "needsInterop": false
    },
    "@angular/router": {
      "src": "../../../../../../node_modules/@angular/router/fesm2022/router.mjs",
      "file": "@angular_router.js",
      "fileHash": "615079f5",
      "needsInterop": false
    }
  },
  "chunks": {
    "chunk-KWA3PI36": {
      "file": "chunk-KWA3PI36.js"
    },
    "chunk-545PXTA6": {
      "file": "chunk-545PXTA6.js"
    },
    "chunk-ICNPL5LR": {
      "file": "chunk-ICNPL5LR.js"
    },
    "chunk-UTC3K43W": {
      "file": "chunk-UTC3K43W.js"
    }
  }
}